{
    "loss": 5.776191711425781,
    "accuracy": 0.5686274766921997
}