{
    "loss": 1.5273274183273315,
    "accuracy": 0.7843137383460999
}