{
    "loss": 18.57039451599121,
    "accuracy": 0.4313725531101227
}