{
    "loss": 14.83205509185791,
    "accuracy": 0.4313725531101227
}