{
    "loss": 49.63473129272461,
    "accuracy": 0.5686274766921997
}